<?xml version="1.0" encoding="UTF-8"?>
<project-private xmlns="http://www.netbeans.org/ns/project-private/1">
    <editor-bookmarks xmlns="http://www.netbeans.org/ns/editor-bookmarks/2" lastBookmarkId="0"/>
    <open-files xmlns="http://www.netbeans.org/ns/projectui-open-files/2">
        <group>
            <file>file:/C:/Users/Dad/OneDrive/Documents/Code/workspace/Planner/src/plannerapp/bl/CustomerBo.java</file>
            <file>file:/C:/Users/Dad/OneDrive/Documents/Code/workspace/Planner/src/plannerapp/Bundle_en_US.properties</file>
            <file>file:/C:/Users/Dad/OneDrive/Documents/Code/workspace/Planner/src/plannerapp/Bundle_es_MX.properties</file>
            <file>file:/C:/Users/Dad/OneDrive/Documents/Code/workspace/Planner/src/plannerapp/view/AddAddressController.java</file>
            <file>file:/C:/Users/Dad/OneDrive/Documents/Code/workspace/Planner/src/plannerapp/view/AddCountryController.java</file>
            <file>file:/C:/Users/Dad/OneDrive/Documents/Code/workspace/Planner/src/plannerapp/view/AddCustomerController.java</file>
            <file>file:/C:/Users/Dad/OneDrive/Documents/Code/workspace/Planner/src/plannerapp/view/AddCityController.java</file>
            <file>file:/C:/Users/Dad/OneDrive/Documents/Code/workspace/Planner/src/plannerapp/view/CustomerController.java</file>
        </group>
    </open-files>
</project-private>
